Workbook

Sheet 底稿目录
A1: 底稿开列时，可先在以下单元格填写有关内容，以便其他底稿引用有关数据：
A2: 被审计单位：ABC公司
A3: 截止日：202X年12月31日
A4: 编制人：张XX | C4: 序号 | D4: 内容 | E4: 索引号
A5: 编制日期：2025.XX.XX | C5: 1 | D5: 项目质量复核合伙人复核表-适用于内控审计 | E5: A24-2
A6: 回复人：李XX | C6: =C5+1 -> 2 | D6: 复核记录参考模板 | E6: A24-2-1
A7: 回复日期：2025.XX.XX

Sheet 项目质量复核合伙人复核表-适用于内控审计A24-2
A1: 致同会计师事务所
A2: 项目质量复核合伙人复核表—内部控制审计
A3: =底稿目录!A2 -> 被审计单位：ABC公司 | G3: 索引号：A24-2
A4: =底稿目录!A3 -> 截止日：202X年12月31日 | G4: 页 次：
A5: 项目质量复核内容 | F5: 是 | G5: 否 | H5: 不适用 | I5: 相关复核记录索引
A6: 1 | B6: 本人未承担项目合伙人、任何分支机构、福利计划、关联实体的审计责任。
A7: 2 | B7: 本人符合定期轮换要求。
A8: 3 | B8: 本人对项目合伙人是独立的。
A9: 4 | B9: 本人对上市实体客户及其关联实体（或非上市实体客户及其控制的实体）没有任何承诺或自我利益等对独立性产生不利影响的因素。
A10: 5 | B10: 项目质量复核之前进行的复核是否均已得到满意的执行？
A11: 6 | B11: 是否已复核项目组独立性？签字注册会计师是否符合本所的定期轮换和冷却期的规定？
A12: =A11+1 -> 7 | B12: 是否阅读并了解IMS系统流转过来的业务承接或保持评价相关资料，与项目组沟通项目和客户的性质和具体情况？
A13: =A12+1 -> 8 | B13: 是否获取并阅读事务所对该项目的内部质量控制检查报告（如适用），特别是针对可能与项目组的重大判断相关或影响该重大判断的领域识别出的缺陷进行沟通？
A14: =A13+1 -> 9 | B14: 是否已复核项目组在审计过程中识别的特别风险以及采取的应对措施，包括项目组对舞弊风险的评估及采取的应对措施，认为项目组作出的判断和应对措施是恰当的？
A15: =A14+1 -> 10 | B15: 是否已复核项目组作出的重大判断，包括关于重要性、关键控制流程、重大缺陷评价和审计报告意见类型的判断，并认为这些判断恰当、合理？
A16: =A15+1 -> 11 | B16: 评价项目组是否已就疑难问题或争议事项、涉及意见分歧的事项进行适当咨询，并检查是否已按照咨询的结果执行？
A17: =A16+1 -> 12 | B17: 是否已复核项目组与管理层和治理层沟通的记录以及与其沟通的事项，对沟通情况及相关记录表示满意？
A18: =A17+1 -> 13 | B18: 是否认为所复核的审计底稿反映了项目组针对重大判断执行的工作，且能够支持拟发表的内部控制审计意见？
A19: =A18+1 -> 14 | B19: 需要质量控制复核人协助复核的，项目质量复核合伙人是否告知具体事项或内容，并在复核记录中记录复核结果？
A20: =A19+1 -> 15 | B20: 是否已复核项目组就审计中识别的缺陷的重要程度作出的判断，并认为的相应处理是恰当的？
A21: =A20+1 -> 16 | B21: 是否已与项目合伙人讨论重大缺陷评价、关键控制测试和报告意见类型等事项。
A22: =A21+1 -> 17 | B22: 确定识别的重大业务流程、项目组内的重大分歧、与管理层和治理层的沟通已经得到了恰当的处理。
A23: =A22+1 -> 18 | B23: 是否已复核企业内部控制评价报告和拟出具的内部控制审计报告及管理建议书，认为企业内部控制评价报告在所有重大方面按照企业内部控制评价指引的规定编制，拟出具的审计报告已按照中国注册会计师审计准则、企业内部控制审计指引、企业内部控制审计指引实施意见的规定发表了恰当的审计意见？
... A25: =A24+1 -> 20 | B25: 本人已经按照《项目质量复核实施办法》实施了项目质量复核，所有复核意见均已得到解决，没有注意到存在任何尚未解决的、可能使本人认为项目组作出的重大判断和得出的结论不适当的事项。
A26: 项目质量复核合伙人签字： | E26: 年 月 日
A27: 以下说明，供参考：
A28: 审计业务中的重大判断，包括与在审计中遇到的疑难或有争议事项相关的判断及得出的结论，以及可能涵盖与总体审计策略和具体审计计划、
A29: 审计业务的执行以及项目组得出的总体结论有关的事项。这些事项具体如下：
A30: （一）与计划审计工作有关的事项，如与确定重要性水平有关的事项；
A31: （二）项目组的人员构成，包括在会计或审计的特殊领域具备专长的人员；
A32: （三）与利用专家（包括外部专家）工作有关的决策；
A33: （四）项目组对在客户关系和审计业务的接受与保持中获取的信息的考虑，以及拟采取的措施；
A34: （五）项目组的风险评估程序，包括在评估固有风险时需要项目组作出重大判断的情况；
A35: （六）项目组对关联方关系及其交易和披露的考虑；
A36: （七）项目组对审计项目中的重大领域实施审计程序的结果，包括对某些会计估计、会计政策或持续经营事项得出的结论；
A37: （八）项目组对由专家执行的工作和得出的结论作出的评价；
A38: （九）在集团审计中，制定的集团总体审计策略和具体审计计划。与组成部分注册会计师参与审计工作有关的决策，包括对组成部分注册
... A43: （十二）审计报告拟发表的审计意见和拟沟通的事项，例如关键审计事项或与持续经营相关的重大不确定性。

Sheet 复核记录参考模板A24-2-1
A1: 致同会计师事务所
A2: 项目质量复核合伙人复核记录—内部控制审计
A3: =底稿目录!A2 -> 被审计单位：ABC公司 | B3: =底稿目录!A4 -> 编制人：张XX | C3: =底稿目录!A5 -> 编制日期：2025.XX.XX | D3: 索引号：A24-2-1
A4: =底稿目录!A3 -> 截止日：202X年12月31日 | B4: =底稿目录!A6 -> 回复人：李XX | C4: =底稿目录!A7 -> 回复日期：2025.XX.XX | D4: 页 次：
A5: 分阶段收到资料（至少包括如下内容）
A6: 请注明实际收到资料的内容、日期、提供资料的审计部门及具体人员
A7: 业务约定书
A8: 重大业务流程底稿
A9: 企业内部控制评价报告
A10: 管理层声明书
A13: 复核问题 | B13: 项目组回复 | C13: 确认复核问题已满意解决或说明需质量控制复核人跟进的具体问题
A14: （一）复核审计工作底稿发现的问题：（可以从以下几方面来描述）
A15: 1、审计工作底稿编制
A16: 2、业务约定书（单独签订）
A17: 3、重大业务流程
A18: 4、组成部分的考虑
A19: 5、控制测试的样本量
A20: 6、缺陷评价
A21: 7、管理层声明书
A22: 8、企业内部控制评价报告
A24: （二）复核审计报告发现的问题：（可以从以下几方面来描述）
A25: 1、审计报告格式
A26: 2、审计报告正文
... A42: 年 月 日
