Workbook

Sheet 表头（请先填写）
A1: 底稿开列时，可先在以下单元格填写有关内容，以便其他底稿引用有关数据：
A2: 客户名称： | D2: 序号 | E2: 内容 | F2: 性质
A3: 截止日：201X年12月31日 | D3: 1 | E3: 审计程序 | F3: 程序表
A4: 编制人： | D4: 3 | E4: 审定表X | F4: 审定表
A5: 日期： | D5: 4 | E5: 明细表XX | F5: 审定表（参考）
D6: 5 | E6: 细节测试底稿XX | F6: 明细表
F7: 检查表
A9: 关于工作底稿索引号的编制方法的说明
A10: 1、 工作底稿的分类
A11: 作为具体审计程序的支持性工作底稿，共有三类，分别为审定表，明细表，检查表。
A12: 2、 工作底稿与审计程序的对应与索引
A13: 为提高工作底稿编制的针对性，各项目负责人提供的所有支持性工作底稿，均应当
A14: 按自然顺序依次编制索引号，并通过唯一的索引号将审计程序表中的特定程序与相关
A15: 支持性工作底稿进行一一对应。
A16: 3、 工作底稿索引号的编码规则（以固定资产为例，假设F为项目名称代码）
A17: （1）索引号的结构：包括三要素，即“报表项目名称代码”、“—”和“索引顺序号”，如“F-1”、“F-2”、........
A18: （2）索引顺序号的分层：可分为两层，如“F-4-1”；“F-4-2”；…
A19: （3）索引顺序号的编码规则：以固定资产为例，“F-1”对应固定资产审定表，
A20: “F-2”对应固定资产明细表等。

Sheet 审定表
A1: 致同会计师事务所
A2: XX项目审定表
A3: ='表头（请先填写）'!A2 -> 客户名称： | D3: ='表头（请先填写）'!A4 -> 编制人： | G3: ='表头（请先填写）'!A5 -> 日期： | I3: 索引号：
A4: ='表头（请先填写）'!A3 -> 截止日：201X年12月31日 | D4: 复核人： | G4: 日期： | I4: 页 次：
A5: 类别 | B5: 未审数 | C5: 审计调整 | E5: 重分类调整 | G5: 审定数 | H5: 索引号 | I5: 上期数 | J5: 备注
C6: 借方 | D6: 贷方 | E6: 借方 | F6: 贷方
G8: =B8+D8-C8+F8-E8 -> 0
G9: =B9+D9-C9+F9-E9 -> 0
G10: =B10+D10-C10+F10-E10 -> 0
G11: =B11+D11-C11+F11-E11 -> 0
G12: =B12+D12-C12+F12-E12 -> 0
A13: 小计 | B13: =SUM(B8:B12) -> 0 | C13: =SUM(C8:C12) -> 0 | D13: =SUM(D8:D12) -> 0 | E13: =SUM(E8:E12) -> 0 | F13: =SUM(F8:F12) -> 0 | G13: =B13+D13-C13+F13-E13 -> 0 | I13: =SUM(I8:I12) -> 0
G15: =B15+D15-C15+F15-E15 -> 0
G16: =B16+D16-C16+F16-E16 -> 0
G17: =B17+D17-C17+F17-E17 -> 0
G18: =B18+D18-C18+F18-E18 -> 0
G19: =B19+D19-C19+F19-E19 -> 0
A20: 小计 | B20: =SUM(B15:B19) -> 0 | C20: =SUM(C15:C19) -> 0 | D20: =SUM(D15:D19) -> 0 | E20: =SUM(E15:E19) -> 0 | F20: =SUM(F15:F19) -> 0 | G20: =B20+D20-C20+F20-E20 -> 0 | I20: =SUM(I15:I19) -> 0
A21: 合计 | B21: =B13+B20 -> 0 | C21: =C13+C20 -> 0 | D21: =D13+D20 -> 0 | E21: =E13+E20 -> 0 | F21: =F13+F20 -> 0 | G21: =B21+D21-C21+F21-E21 -> 0 | I21: =I13+I20 -> 0
A23: 1、重大事项说明（如适用，根据1131号等审计准则和指南的要求编制，说明涉及事项内容、应对措施、审计结论或解决方法，以及可能对审计报告的影响）
A24: A、风险评估结果和内控了解、测试情况（不适用则说明：不存在重大错报风险。) (识别和实际评估的重大错报风险、尤其识特别风险，以及对内控了解和控制测试情况〔采用综合方案时〕）； （提示：a、收入科目应当假定存在舞弊的特别风险，如不存在，应说明理由） b、涉及特别风险时，应当重点说明有关事项、应当措施、结果〔可索引有关底稿〕。特别风险涉及的事项包括但不限于：(1)舞弊风险（如1141准则的示例）；(2)重大非常规交易（如企业购并、债务重组、非货币性资产交换、重大或有事项、持续经营、违反法律法规等）；(3)重大关联交易；(4)重大判断事项（如重大会计估计、会计政策及其变更）；(5)重大复杂交易；(6)仅通过实质性程序无法应对的重大错报风险（如日常交易采用高度自动化处理）等等）)
A25: B、发现的重大不符事项（如适用） （按调整事项，逐笔概述调整原因及对本科目的调整金额，并说明相关底稿的索引号〔即具体事项内容和调整分录，见经索引的本科目或相关科目的检查表或测算表〕）；
A26: 2、审计结论（说明基于获取的审计证据，在有关认定方面，是否发现重大错报或存在重大异常） （参考结论：A、可确认； B、经审计调整后可确认； C、由于存在上述重大未调整事项（或审计范围受到限制无法获取充分、适当证据），不可确认；）

Sheet 明细表
A1: 致同会计师事务所
A2: XX项目明细表
A3: ='表头（请先填写）'!A2 -> 客户名称： | D3: ='表头（请先填写）'!A4 -> 编制人： | E3: ='表头（请先填写）'!A5 -> 日期： | G3: 索引号：
A4: ='表头（请先填写）'!A3 -> 截止日：201X年12月31日 | D4: 复核人： | E4: 日期： | G4: 页次：
A5: 项目 | B5: 期初数 | C5: 本期增加 | D5: 本期减少 | E5: 期末数 | F5: 文件依据 | G5: 索引号 | H5: 备注
E7: =B7+C7-D7 -> 0
E8: =B8+C8-D8 -> 0
E9: =B9+C9-D9 -> 0
E10: =B10+C10-D10 -> 0
E11: =B11+C11-D11 -> 0
A12: 小计 | B12: =SUM(B7:B11) -> 0 | C12: =SUM(C7:C11) -> 0 | D12: =SUM(D7:D11) -> 0 | E12: =B12+C12-D12 -> 0
E14: =B14+C14-D14 -> 0
E15: =B15+C15-D15 -> 0
E16: =B16+C16-D16 -> 0
E17: =B17+C17-D17 -> 0
E18: =B18+C18-D18 -> 0
A19: 小计 | B19: =SUM(B14:B18) -> 0 | C19: =SUM(C14:C18) -> 0 | D19: =SUM(D14:D18) -> 0 | E19: =B19+C19-D19 -> 0
A20: 合计 | B20: =B12+B19 -> 0 | C20: =C12+C19 -> 0 | D20: =D12+D19 -> 0 | E20: =B20+C20-D20 -> 0
A21: 审计说明：

Sheet XX项目细节测试
A1: 致同会计师事务所
A2: XX项目细节测试
A3: ='表头（请先填写）'!A2 -> 客户名称： | E3: ='表头（请先填写）'!A4 -> 编制人： | G3: ='表头（请先填写）'!A5 -> 日期： | N3: 索引号：
A4: ='表头（请先填写）'!A3 -> 截止日：201X年12月31日 | E4: 复核人： | G4: 日期： | N4: 页次：
A5: 一、审计目标：
A7: 二、审计过程：
A16: 三、审计说明：
A21: 四、审计结论：
A25: 编制说明：
A26: 1、概述：（1）程序的测试情况、结果；
A27: （2）拟调整事项及其调整分录、未调整事项及其影响，审计范围受到限制情况及其影响。
A28: 参考结论：
A29: A、 | B29: 未见异常。
A30: B、 | B30: 除以下重大不符事项应当作为调整事项予以调整外，其余未见异常。
A31: C、 | B31: 由于存在以下重大未调整事项（或审计范围受到限制无法获取充分、适当证据），不可确认。

Sheet 细节测试及及凭证抽查表
A1: 致同会计师事务所
A2: 细节测试及凭证抽查表
A3: ='表头（请先填写）'!A2 -> 客户名称： | E3: ='表头（请先填写）'!A4 -> 编制人： | G3: ='表头（请先填写）'!A5 -> 日期： | N3: 索引号：
A4: ='表头（请先填写）'!A3 -> 截止日：201X年12月31日 | E4: 复核人： | G4: 日期： | N4: 页次：
A5: 一、测试目标：
B6: 通过选取XX的样本进行测试检查，验证XX项目的存在/发生、计价和分摊。
A7: 二、样本选取标准与规模：
B9: 抽测原因：大额（）关联方（）大额交易频繁（）异常（）其他（）
A10: 三、测试：
A11: 日期 | B11: 凭证编号 | C11: 业务内容 | D11: 对方科目 | E11: 明细科目 | F11: 金额 | G11: 核对内容 | N11: 附件
G12: 1 | H12: 2 | I12: 3 | J12: 4
A23: 四、审计说明： | G23: 测试内容说明：
G24: 1、原始凭证齐全；
G25: 2、经授权批准；
G26: 3、会计处理正确；
G27: 4、记账凭证与原始凭证金额核对相符.
A28: 五、审计结论：
A32: 编制说明：
A33: 1、概述：（1）程序的测试情况、结果；
A34: （2）拟调整事项及其调整分录、未调整事项及其影响，审计范围受到限制情况及其影响。
A35: 参考结论：
A36: A、 | B36: 未见异常。
A37: B、 | B37: 除以下重大不符事项应当作为调整事项予以调整外，其余未见异常。
A38: C、 | B38: 由于存在以下重大未调整事项（或审计范围受到限制无法获取充分、适当证据），不可确认。

Sheet GT_Custom
A1: C1 | B1: Custom 1
A2: C2 | B2: Custom 2
A3: C3 | B3: Custom 3
A4: C4 | B4: Custom 4
A5: C5 | B5: Custom 5
A6: C6 | B6: Custom 6
A7: C7 | B7: Custom 7
A8: C8 | B8: Custom 8
