Workbook

Sheet Sheet1

Sheet Sheet2

Sheet Sheet3

Sheet 底稿目录
A1: 底稿开列时，可先在以下单元格填写有关内容，以便其他底稿引用有关数据：
A2: 被审计单位：ABC公司
A3: 截止日：202X年12月31日 | C3: 序号 | D3: 内容 | E3: 索引号
A4: 编制人：张XX | C4: 1 | D4: 质量控制复核人复核表 | E4: A25-2
A5: 编制日期：2025.XX.XX | C5: =C4+1 -> 2 | D5: 复核记录 | E5: A25-2-1
A6: 回复人：李XX
A7: 回复日期：2025.XX.XX

Sheet 质量控制复核人复核表A25-2
A1: 致同会计师事务所
A2: 质量控制复核人复核表—内部控制审计
A3: =底稿目录!A2 -> 被审计单位：ABC公司 | G3: 索引号：A25-2
A4: =底稿目录!A3 -> 截止日：202X年12月31日 | G4: 页 次：
A5: 质量控制复核人复核内容 | F5: 是 | G5: 否 | H5: 不适用 | I5: 相关复核记录索引
A6: 1 | B6: 本人对项目合伙人是独立的。本人对上市实体客户及其关联实体（或非上市实体客户及其控制的实体）没有任何承诺或自我利益等对独立性产生不利影响的因素。
A7: 2 | B7: 项目组内各级复核是否均已得到满意的执行并保留复核记录？
A8: 3 | B8: 项目质量复核合伙人复核是否已得到满意的执行并记录？项目质量复核合伙人要求跟进的问题项目组是否已恰当解决并回复？
A9: 4 | B9: 是否确定项目组已就存在的意见分歧、其他疑难问题或争议事项进行适当咨询，且咨询得出的结论是恰当的？
A10: =A9+1 -> 5 | B10: 是否阅读并了解IMS系统流转过来的业务承接或保持评价相关资料，与项目组沟通项目和被审计单位的性质和具体情况？
A11: =A10+1 -> 6 | B11: 是否获取并阅读事务所对该项目的内部质量控制检查报告（如适用），特别是针对可能与项目组的重大判断相关或影响该重大判断的领域识别出的缺陷进行沟通？
A12: =A11+1 -> 7 | B12: 是否已与项目合伙人、项目组其他成员（如适用）讨论重大事项，以及在业务计划、实施和报告阶段作出的重大判断？
A13: =A12+1 -> 8 | B13: 是否认为所复核的总体审计策略、审计小结反映了项目组针对重大判断执行的工作，且能够支持拟发表的内部控制审计意见？
A14: =A13+1 -> 9 | B14: 评价项目组是否已就疑难问题或争议事项、涉及意见分歧的事项进行适当咨询，并检查是否已按照咨询的结果执行？
A15: =A14+1 -> 10 | B15: 是否已签订单独的内部控制审计业务约定书？
A16: =A15+1 -> 11 | B16: 是否已复核项目组就审计中识别的内部控制缺陷的重要程度作出的判断，并认为相应的处理是恰当的？
A17: =A16+1 -> 12 | B17: 复核审计工作完成核对表，确定审计工作已完成。
A18: =A17+1 -> 13 | B18: 确定内部控制审计报告已履行了事务所适当的质量控制复核程序，没有文字、数字或编辑错误。
A19: =A18+1 -> 14 | B19: 检查企业内部控制评价报告中重要事项的披露，以确定要素的列报是否完整和恰当。
A20: =A19+1 -> 15 | B20: 确定审计中发现的重大缺陷已在企业内部控制评价报告或内部控制审计报告中进行了适当的披露。
A21: =A20+1 -> 16 | B21: 确定已识别的关键控制流程的测试、重大缺陷评价已经得到了恰当的处理。
... A23: =A22+1 -> 18 | B23: 本人已经按照《项目质量复核实施办法》实施了质量控制复核，所有复核意见均已得到解决。本人没有注意到存在任何尚未解决的、可能使本人认为项目组作出的重大判断和得出的结论不适当的事项。
A24: 质量控制复核人签字： | E24: 年 月 日
A25: 以下说明，供参考：
A26: 审计业务中的重大判断，包括与在审计中遇到的疑难或有争议事项相关的判断及得出的结论，以及可能涵盖与总体审计策略和具体
A27: 审计计划、审计业务的执行以及项目组得出的总体结论有关的事项。这些事项具体如下：
A28: （一）与计划审计工作有关的事项，如与确定重要性水平有关的事项；
A29: （二）项目组的人员构成，包括在会计或审计的特殊领域具备专长的人员；
A30: （三）与利用专家（包括外部专家）工作有关的决策；
A31: （四）项目组对在客户关系和审计业务的接受与保持中获取的信息的考虑，以及拟采取的措施；
A32: （五）项目组的风险评估程序，包括在评估固有风险时需要项目组作出重大判断的情况；
A33: （六）项目组对关联方关系及其交易和披露的考虑；
A34: （七）项目组对审计项目中的重大领域实施审计程序的结果，包括对某些会计估计、会计政策或持续经营事项得出的结论；
A35: （八）项目组对由专家执行的工作和得出的结论作出的评价；
A36: （九）在集团审计中，制定的集团总体审计策略和具体审计计划。与组成部分注册会计师参与审计工作有关的决策，包括对组成
... A41: （十二）审计报告拟发表的审计意见和拟沟通的事项，例如关键审计事项或与持续经营相关的重大不确定性。

Sheet 复核记录参考模板A25-2-1
A1: 致同会计师事务所
A2: 质量控制复核人复核记录—内部控制审计
A3: =底稿目录!A2 -> 被审计单位：ABC公司 | B3: =底稿目录!A4 -> 编制人：张XX | C3: =底稿目录!A5 -> 编制日期：2025.XX.XX | D3: 索引号：A25-2-1
A4: =底稿目录!A3 -> 截止日：202X年12月31日 | B4: =底稿目录!A6 -> 回复人：李XX | C4: =底稿目录!A7 -> 回复日期：2025.XX.XX | D4: 页 次：
A5: 分阶段收到资料（至少包括如下内容）
A6: 请注明实际收到资料的内容、日期、提供资料的审计部门及具体人员
A7: 业务约定书
A8: 重大业务流程底稿
A9: 企业内部控制评价报告
A10: 管理层声明书
A12: 复核问题 | B12: 项目组回复 | C12: 确认复核问题已满意解决
A13: 一、复核中发现的问题
A14: （一）复核审计工作底稿发现的问题：（可以从以下几方面来描述）
A15: 1、审计工作底稿编制
A16: 2、业务约定书（单独签订）
A17: 3、重大业务流程
A18: 4、组成部分的考虑
A19: 5、控制测试的样本量
A20: 6、缺陷评价
A21: 7、管理层声明书
A22: 8、企业内部控制评价报告
A24: （二）复核审计报告发现的问题：（可以从以下几方面来描述）
A25: 1、审计报告格式
... A44: 年 月 日
